lastUpdated,title,url
" This page was last edited on 8 July 2022, at 19:52",Kevin Bacon,https://en.wikipedia.org/wiki/Kevin_Bacon
" This page was last edited on 10 July 2022, at 10:03",Nancy Millis,https://en.wikipedia.org/wiki/Nancy_Mills
" This page was last edited on 8 July 2022, at 18:02",Search for Tomorrow,https://en.wikipedia.org/wiki/Search_for_Tomorrow
" This page was last edited on 25 April 2021, at 03:27",Phoenix Theater,https://en.wikipedia.org/wiki/Phoenix_Theater
" This page was last edited on 21 April 2022, at 15:49",Getting Out,https://en.wikipedia.org/wiki/Getting_Out
" This page was last edited on 27 April 2022, at 02:37",Flux,https://en.wikipedia.org/wiki/Flux
" This page was last edited on 10 July 2022, at 18:03",Guiding Light,https://en.wikipedia.org/wiki/Guiding_Light
" This page was last edited on 10 July 2022, at 07:52",Circle in the Square Theatre,https://en.wikipedia.org/wiki/Circle_in_the_Square
" This page was last edited on 2 July 2022, at 23:12",Julia R. Masterman School,https://en.wikipedia.org/wiki/Julia_R._Masterman_High_School
" This page was last edited on 15 April 2022, at 08:28",Pennsylvania Governor's School for the Arts,https://en.wikipedia.org/wiki/Pennsylvania_Governor%27s_School_for_the_Arts
" This page was last edited on 13 July 2022, at 18:37", (magazine),https://en.wikipedia.org/wiki/Cosmopolitan_(magazine)
" This page was last edited on 11 July 2022, at 10:28",Fraternities and sororities,https://en.wikipedia.org/wiki/Fraternities_and_sororities
" This page was last edited on 14 July 2022, at 08:53",Glory Van Scott,https://en.wikipedia.org/wiki/Glory_Van_Scott
" This page was last edited on 10 July 2022, at 00:28",Bucknell University,https://en.wikipedia.org/wiki/Bucknell_University
" This page was last edited on 10 July 2022, at 06:25",Chancellor (education),https://en.wikipedia.org/wiki/Chancellor_(education)
" This page was last edited on 14 July 2022, at 04:11",EE Limited,https://en.wikipedia.org/wiki/EE_Limited
" This page was last edited on 27 June 2022, at 04:28",Trove,https://en.wikipedia.org/wiki/Trove_(identifier)
" This page was last edited on 17 June 2022, at 15:25",Main Page,https://en.wikipedia.org/wiki/Main_Page
" This page was last edited on 10 July 2022, at 10:03",Nancy Millis,https://en.wikipedia.org/wiki/Nancy_Millis
" This page was last edited on 8 January 2022, at 04:13",Sylvia Walton,https://en.wikipedia.org/wiki/Sylvia_Walton
" This page was last edited on 12 July 2022, at 08:34",Philadelphia,https://en.wikipedia.org/wiki/Philadelphia
" This page was last edited on 25 May 2020, at 11:41",Richard McGarvie,https://en.wikipedia.org/wiki/Richard_McGarvie
" This page was last edited on 9 April 2022, at 10:33",Adrienne Clarke,https://en.wikipedia.org/wiki/Adrienne_Clarke
